{
    "1.0": [
        0.0,
        -7.71979703095
    ],
    "0.6": [
        0.0,
        19.478239489633292
    ],
    "0.8": [
        0.0,
        -5.4098472159999975
    ],
    "0.5": [
        0.0,
        -11.643190411689423
    ],
    "0.7": [
        0.0,
        -51.56717863456856
    ],
    "0.9": [
        0.0,
        -0.7848152263697639
    ],
    "0.4": [
        0.0,
        74.71544563413487
    ]
}